Dataset,Model,Seed,F1,AUPRC,AUROC
physionet,A (Naive),42,0.8807397959183674,0.9548133941030656,0.8927775963559328
physionet,A (Naive),123,0.8787113076437144,0.9558801532825748,0.895921776482705
physionet,A (Naive),2024,0.8769734882335418,0.9543779913390643,0.8952665645122124
physionet,B (Graph-Only),42,0.8888202594193947,0.9591339314685441,0.904419645473804
physionet,B (Graph-Only),123,0.8827629911280102,0.956983861097885,0.9005496035234913
physionet,B (Graph-Only),2024,0.8871941531617413,0.9588387762315805,0.9036597670543511
physionet,C (CSCM),42,0.8793156125878399,0.9550941373089887,0.8939702705418373
physionet,C (CSCM),123,0.885078219013237,0.9576631385963421,0.9003298039806744
physionet,C (CSCM),2024,0.8837503959455179,0.9539151989690957,0.894326136468303
wesad,A (Naive),42,0.8528528528528528,0.8908796450014943,0.7013829005780716
wesad,A (Naive),123,0.8470824949698189,0.8735953850301319,0.6657085369359012
wesad,A (Naive),2024,0.8528528528528528,0.8813913853126566,0.6764874964070136
wesad,B (Graph-Only),42,0.8528528528528528,0.8906090744611888,0.6970234103030883
wesad,B (Graph-Only),123,0.8411214953271028,0.888750283147114,0.6975503816550094
wesad,B (Graph-Only),2024,0.8528528528528528,0.8837927043556166,0.6781801922646993
wesad,C (CSCM),42,0.8514056224899599,0.8824542937969967,0.6765194340647056
wesad,C (CSCM),123,0.8517034068136272,0.8806361325485043,0.6863083261473604
wesad,C (CSCM),2024,0.8528528528528528,0.8836027165757168,0.6789626648781579
